Position	NT change	ORFs	AA Change	Associated Variants	Time Span	Count	Abundance	Total Coverage	Pos. Samples	1k+ read samples	Samples Processed	Time Span	Count	Abundance	Total Coverage	Pos. Samples	1k+ read samples	Samples Processed	diff	Process end date
475	C475A	ORF1	F70L		2025-01-05--2025-01-25	361	0.000578	625098	113	0	1041	2025-01-26--2025-02-15	20751	0.068078	304811	57	1	666	0.067501	2025-02-21 09:27:34.361825
508	TGGTCATGTTATGGT508-522del	ORF1	HGHVMV81-86Hdel		2025-01-05--2025-01-25	6306	0.010177	619655	91	0	1041	2025-01-26--2025-02-15	7578	0.029821	254114	54	2	666	0.019645	2025-02-21 09:27:34.361825
515	GTTATG515-520del	ORF1	VM84-85del	LB.1.3.1	2025-01-05--2025-01-25	5561	0.030931	179790	110	0	1041	2025-01-26--2025-02-15	6010	0.056893	105637	63	1	666	0.025962	2025-02-21 09:27:34.361825
560	C560A	ORF1	R99S		2025-01-05--2025-01-25	47	0.000262	179061	43	0	1041	2025-01-26--2025-02-15	2343	0.023110	101384	34	1	666	0.022848	2025-02-21 09:27:34.361825
593	C593T	ORF1	H110Y	XEK,XEU	2025-01-05--2025-01-25	13930	0.026075	534226	161	4	1041	2025-01-26--2025-02-15	1899	0.008418	225593	72	0	666	0.017657	2025-02-21 09:27:34.361825
2060	G2060A	ORF1	A599T	XEC*	2025-01-05--2025-01-25	4880868	0.328436	14860934	721	451	1041	2025-01-26--2025-02-15	6092002	0.204192	29834644	515	318	666	0.124244	2025-02-21 09:27:34.361825
2193	G2193T	ORF1	R643I		2025-01-05--2025-01-25	7036	0.000485	14508834	686	1	1041	2025-01-26--2025-02-15	695913	0.037168	18723297	493	224	666	0.036683	2025-02-21 09:27:34.361825
2942	C2942A	ORF1	L893M		2025-01-05--2025-01-25	514	0.000301	1707609	274	0	1041	2025-01-26--2025-02-15	41033	0.028837	1422910	393	0	666	0.028536	2025-02-21 09:27:34.361825
3179	G3179T	ORF1	E972*		2025-01-05--2025-01-25	1034	0.000572	1807039	384	0	1041	2025-01-26--2025-02-15	34874	0.023388	1491108	423	1	666	0.022816	2025-02-21 09:27:34.361825
4364	A4364C	ORF1	I1367L	KP.3.3.4,XEC.2,XEP	2025-01-05--2025-01-25	467298	0.048468	9641463	603	64	1041	2025-01-26--2025-02-15	893769	0.065005	13749230	351	66	666	0.016537	2025-02-21 09:27:34.361825
5180	G5180A	ORF1	D1639N	NC.1.1	2025-01-05--2025-01-25	71328	0.020493	3480555	191	21	1041	2025-01-26--2025-02-15	23691	0.005600	4230355	387	6	666	0.014893	2025-02-21 09:27:34.361825
6255	C6255T	ORF1	A1997V	LP.8.1,LP.8.2.1,LP.11	2025-01-05--2025-01-25	6980102	0.159177	43851239	708	247	1041	2025-01-26--2025-02-15	7715962	0.198307	38909151	530	229	666	0.039130	2025-02-21 09:27:34.361825
7086	C7086T	ORF1	T2274I	XEC.9,MZ.1	2025-01-05--2025-01-25	416074	0.013921	29888126	519	29	1041	2025-01-26--2025-02-15	848683	0.021593	39303776	428	19	666	0.007672	2025-02-21 09:27:34.361825
7113	C7113T	ORF1	T2283I	JN.1.11.1,KU.2,XDV	2025-01-05--2025-01-25	12003019	0.361210	33230063	771	429	1041	2025-01-26--2025-02-15	14096775	0.378593	37234684	526	326	666	0.017383	2025-02-21 09:27:34.361825
7119	C7119T	ORF1	S2285F		2025-01-05--2025-01-25	612743	0.020386	30056333	428	3	1041	2025-01-26--2025-02-15	113565	0.002984	38064057	429	6	666	0.017403	2025-02-21 09:27:34.361825
7869	C7869T	ORF1	S2535L	LF.7	2025-01-05--2025-01-25	1030978	0.038013	27121863	469	57	1041	2025-01-26--2025-02-15	1253173	0.045978	27255754	432	44	666	0.007965	2025-02-21 09:27:34.361825
7925	G7925T	ORF1	A2554S		2025-01-05--2025-01-25	901373	0.038177	23610196	572	2	1041	2025-01-26--2025-02-15	27585	0.000955	28883877	431	0	666	0.037222	2025-02-21 09:27:34.361825
10323	A10323G	ORF1	K3353R	JN.1.52,LP.8.1.5,MC.10.2	2025-01-05--2025-01-25	52591	0.008513	6178066	397	18	1041	2025-01-26--2025-02-15	309654	0.026897	11512523	393	37	666	0.018385	2025-02-21 09:27:34.361825
11570	T11570A	ORF1	F3769I		2025-01-05--2025-01-25	247	0.000234	1053474	172	0	1041	2025-01-26--2025-02-15	70465	0.081352	866178	90	1	666	0.081117	2025-02-21 09:27:34.361825
11727	G11727A	ORF1	R3821K	JN.1	2025-01-05--2025-01-25	877382	0.991026	885327	857	361	1041	2025-01-26--2025-02-15	739039	0.965656	765323	523	301	666	0.025370	2025-02-21 09:27:34.361825
12423	G12423T	ORF1	R4053I		2025-01-05--2025-01-25	5279	0.000414	12762489	720	0	1041	2025-01-26--2025-02-15	585866	0.056295	10407052	494	184	666	0.055881	2025-02-21 09:27:34.361825
13121	A13121T	ORF1	S4286C	KP.3.1.1,XEW	2025-01-05--2025-01-25	1961563	0.244390	8026371	536	269	1041	2025-01-26--2025-02-15	2790960	0.230021	12133491	329	160	666	0.014369	2025-02-21 09:27:34.361825
14964	A14964C	ORF1	K4900N		2025-01-05--2025-01-25	56473	0.021287	2652964	659	0	1041	2025-01-26--2025-02-15	36007	0.010941	3291132	435	3	666	0.010346	2025-02-21 09:27:34.361825
15007	G15007A	ORF1	D4915N		2025-01-05--2025-01-25	1669	0.000652	2560005	119	0	1041	2025-01-26--2025-02-15	164719	0.050717	3247796	318	38	666	0.050065	2025-02-21 09:27:34.361825
15007	G15007A	ORF1	D4915N		2025-01-05--2025-01-25	7359	0.002875	2560005	245	0	1041	2025-01-26--2025-02-15	856673	0.263771	3247796	372	260	666	0.260896	2025-02-21 09:27:34.361825
15009	T15009C	ORF1	D4915N		2025-01-05--2025-01-25	1669	0.000652	2559635	119	0	1041	2025-01-26--2025-02-15	164719	0.049286	3342089	318	38	666	0.048634	2025-02-21 09:27:34.361825
15644	G15644T	ORF1	R5127I		2025-01-05--2025-01-25	22312	0.000873	25567174	766	2	1041	2025-01-26--2025-02-15	369155	0.027154	13595094	520	127	666	0.026281	2025-02-21 09:27:34.361825
15757	C15757A	ORF1	Q5165K		2025-01-05--2025-01-25	3280	0.000764	4294172	682	0	1041	2025-01-26--2025-02-15	325066	0.083357	3899665	480	131	666	0.082594	2025-02-21 09:27:34.361825
16943	G16943T	ORF1	S5560I		2025-01-05--2025-01-25	536934	0.024732	21710196	657	59	1041	2025-01-26--2025-02-15	414127	0.015661	26443503	349	41	666	0.009071	2025-02-21 09:27:34.361825
17012	C17012A	ORF1	S5583*		2025-01-05--2025-01-25	7653	0.001126	6798551	695	0	1041	2025-01-26--2025-02-15	944904	0.088203	10712791	494	257	666	0.087078	2025-02-21 09:27:34.361825
17329	G17329T	ORF1	E5689*		2025-01-05--2025-01-25	15383	0.000755	20362623	766	0	1041	2025-01-26--2025-02-15	711285	0.035003	20320722	547	230	666	0.034247	2025-02-21 09:27:34.361825
18131	C18131T	ORF1	T5956I		2025-01-05--2025-01-25	107974	0.028523	3785546	240	35	1041	2025-01-26--2025-02-15	158805	0.044616	3559396	310	37	666	0.016093	2025-02-21 09:27:34.361825
21351	G21351T	ORF1	W7029C		2025-01-05--2025-01-25	7786	0.000606	12851185	650	0	1041	2025-01-26--2025-02-15	676734	0.040069	16889332	465	172	666	0.039463	2025-02-21 09:27:34.361825
21627	C21627A	S	T22N	XEC*,LF.7,XEQ,MT.1.1,KP.3.6,LF.8.1.1,MJ.1.1,KP.2.18,XEN,KP.3.1.9,XEL,NB.1,KP.2.2.1,KP.2.26,LJ.1,XER,KS.1.5,NG.1,LP.8.1.6,MU.3,XDV.1.7.1,MB.1.1,KP.2.14,MG.3,JN.1.16.5,MU.6,KS.1.1	2025-01-05--2025-01-25	607848	0.538688	1128386	711	154	1041	2025-01-26--2025-02-15	798562	0.506715	1575958	460	164	666	0.031973	2025-02-21 09:27:34.361825
21652	TTC21652-21654del	S	NS30-31Ndel		2025-01-05--2025-01-25	524071	0.449766	1165209	654	119	1041	2025-01-26--2025-02-15	741671	0.468334	1583638	414	161	666	0.018568	2025-02-21 09:27:34.361825
21653	T21653C	S	S31P	LF.7,KP.3.2.6,NF.1,JN.1.40,MJ.1,KP.2.26,XER,MT.1	2025-01-05--2025-01-25	43265	0.037486	1154178	217	14	1041	2025-01-26--2025-02-15	38216	0.023901	1598939	205	13	666	0.013585	2025-02-21 09:27:34.361825
21654	C21654T	S	S31F	JN.1.1.7,MD.3.1.4,JN.1.58.3,KP.2.14,MZ.1,JN.1.20,MB.1,MC.32,KP.4.2.1,LF.8.1,KP.3.4.1,KP.2.7,KP.1.1.6,KP.3.1.3,XEN,MK.1,LC.1	2025-01-05--2025-01-25	4577	0.003981	1149768	47	1	1041	2025-01-26--2025-02-15	41853	0.026044	1606987	89	5	666	0.022064	2025-02-21 09:27:34.361825
21707	C21707T	S	H49Y	NB.1.3.1	2025-01-05--2025-01-25	113	0.000343	329890	60	0	1041	2025-01-26--2025-02-15	16031	0.053613	299016	65	1	666	0.053270	2025-02-21 09:27:34.361825
21728	T21728G	S	L56V	KP.2.11,MJ.2.1.1	2025-01-05--2025-01-25	12565	0.040816	307847	200	1	1041	2025-01-26--2025-02-15	90	0.000329	273386	58	0	666	0.040487	2025-02-21 09:27:34.361825
21737	T21737C	S	F59L	KP.2.2,JN.1.11.2,MD.1.2,NJ.1,KR.1.1	2025-01-05--2025-01-25	12243	0.039361	311041	69	1	1041	2025-01-26--2025-02-15	143	0.000514	278104	63	0	666	0.038847	2025-02-21 09:27:34.361825
21738	T21738C	S	F59S	XEC*,JN.1.18.6,KS.1,KP.3.1.8,JN.1.42.1,JN.1.13.1,NB.1,XDR.1,XEM,KP.2.10,MN.1,JN.1.18.9,MU.3,JN.1.18.2,KP.1.1.5,KR.1.4	2025-01-05--2025-01-25	150634	0.516856	291443	568	33	1041	2025-01-26--2025-02-15	83946	0.302329	277664	341	23	666	0.214526	2025-02-21 09:27:34.361825
21761	G21761T	S	A67S		2025-01-05--2025-01-25	334	0.001141	292659	155	0	1041	2025-01-26--2025-02-15	15268	0.060642	251774	58	1	666	0.059500	2025-02-21 09:27:34.361825
21780	C21780A	S	T73N		2025-01-05--2025-01-25	212	0.000734	288962	135	0	1041	2025-01-26--2025-02-15	15199	0.060534	251084	56	1	666	0.059800	2025-02-21 09:27:34.361825
21789	C21789T	S	T76I		2025-01-05--2025-01-25	79	0.000277	285271	34	0	1041	2025-01-26--2025-02-15	15198	0.062286	244005	43	1	666	0.062009	2025-02-21 09:27:34.361825
21793	G21793C	S	K77N		2025-01-05--2025-01-25	128	0.000436	293460	89	0	1041	2025-01-26--2025-02-15	15233	0.057903	263078	25	1	666	0.057467	2025-02-21 09:27:34.361825
21823	T21823A	S	N87K		2025-01-05--2025-01-25	42	0.000162	259575	37	0	1041	2025-01-26--2025-02-15	15203	0.056844	267453	14	1	666	0.056682	2025-02-21 09:27:34.361825
22107	A22107G	S	K182R	LF.7,MC.15,KP.2.2.2,XEC.1,XER,LB.1.3.3	2025-01-05--2025-01-25	885253	0.044507	19890137	632	92	1041	2025-01-26--2025-02-15	749681	0.025572	29316634	493	44	666	0.018935	2025-02-21 09:27:34.361825
22111	G22111T	S	Q183H	LB.1,JN.1.9,LY.2,JN.1.32.1,XFB	2025-01-05--2025-01-25	500574	0.014123	35445015	699	71	1041	2025-01-26--2025-02-15	1189502	0.024148	49259259	497	74	666	0.010025	2025-02-21 09:27:34.361825
22120	C22120A	S	F186L	LP.8.1,LP.8.2.1	2025-01-05--2025-01-25	2685074	0.086963	30876024	742	213	1041	2025-01-26--2025-02-15	4817166	0.090982	52946154	531	204	666	0.004019	2025-02-21 09:27:34.361825
22132	G22132T	S	R190S	LP.8.1,LF.7,KP.4.2.6,LP.1.2,LP.7,JN.1.59.1,MA.1,LB.1.4.1,NL.1,NK.1,KP.4.2.4,XER,NC.1	2025-01-05--2025-01-25	3504916	0.180308	19438459	802	267	1041	2025-01-26--2025-02-15	5637518	0.165261	34112743	541	237	666	0.015047	2025-02-21 09:27:34.361825
22599	G22599C	S	R346T	MC.19,KS.1,KP.2,JN.1.16.1,JN.1.18,KP.4.1,LE.1,JN.1.42.2,JN.1.48.2,JN.1.13.1,LG.1,JN.1.48.3,JN.1.9.2,KQ.1,JN.1.11.2,JN.1.18.8,XED,NU.1,JN.1.39.2,JN.1.26,MC.33.1,JN.1.8.2,KZ.1.1,LF.6,JN.1.58.2,JN.1.44.1,JN.1.6.1,MC.28.1.1,JN.1.48.1,MK.3,XEM,JN.1.30.1,KR.5,JN.1.49.1,XEH,JN.1.25.1,JN.1.7.3,LU.2,MF.1,LF.8,MQ.1,MC.31,XDD.1.1.1,XDR.1,MC.13.3,MU.3,JN.1.29.1,JN.1.4.4,MC.13.2.1,JN.1.24.1,MC.10.1.6,JN.1.1.5,JN.1.1.3,LN.1.1,XDK.1,MC.17.1,JN.1.59.1,JN.1.50.1,LU.1,XES	2025-01-05--2025-01-25	10944210	0.167648	65281039	728	352	1041	2025-01-26--2025-02-15	3442001	0.286393	12018437	448	307	666	0.118746	2025-02-21 09:27:34.361825
22865	G22865T	S	A435S	MC.10.1,KP.3.7,MC.21.1,KP.3.3.5,MU.2.1.1,MC.31,XDY.3,LP.10.1.1,MC.30.1.1,MC.28.1,MC.13.2,KP.3.3.2,XDV.1.9.1,XEP,MU.6,XDY.1,XFB	2025-01-05--2025-01-25	34537	0.045788	754286	353	8	1041	2025-01-26--2025-02-15	58888	0.071707	821232	213	13	666	0.025919	2025-02-21 09:27:34.361825
22893	A22893G	S	K444R	LF.7,JN.1.61,JN.1.23,NA.1.1,XER	2025-01-05--2025-01-25	34094	0.034800	979702	250	8	1041	2025-01-26--2025-02-15	42590	0.044415	958905	165	9	666	0.009615	2025-02-21 09:27:34.361825
22895	G22895C	S	V445R	NZ.1,MK.3,MC.19.1,MC.33.1,LP.8	2025-01-05--2025-01-25	158991	0.116130	1369075	374	47	1041	2025-01-26--2025-02-15	187937	0.113858	1650627	302	48	666	0.002272	2025-02-21 09:27:34.361825
22895	G22895C	S	V445P	LB.1.3.1,LF.3.1,JN.1.1.8,JN.1.50,MU.2.1.1,LK.1,NS.1.1,NC.1.2,NN.1,MU.5,KP.2.3.4,LB.1.10,LP.1.2.1,LP.9,PA.1,MA.1.1.1	2025-01-05--2025-01-25	54523	0.039825	1369075	266	12	1041	2025-01-26--2025-02-15	65300	0.039561	1650627	176	16	666	0.000264	2025-02-21 09:27:34.361825
22896	T22896G	S	V445R	NZ.1,MK.3,MC.19.1,MC.33.1,LP.8	2025-01-05--2025-01-25	158991	0.150025	1059766	374	47	1041	2025-01-26--2025-02-15	187937	0.190840	984786	302	48	666	0.040816	2025-02-21 09:27:34.361825
22896	T22896C	S	V445P	LB.1.3.1,LF.3.1,JN.1.1.8,JN.1.50,MU.2.1.1,LK.1,NS.1.1,NC.1.2,NN.1,MU.5,KP.2.3.4,LB.1.10,LP.1.2.1,LP.9,PA.1,MA.1.1.1	2025-01-05--2025-01-25	54523	0.051448	1059766	266	12	1041	2025-01-26--2025-02-15	65300	0.066309	984786	176	16	666	0.014861	2025-02-21 09:27:34.361825
22926	T22926C	S	L455S	JN.1	2025-01-05--2025-01-25	926170	0.893613	1036433	795	256	1041	2025-01-26--2025-02-15	858358	0.810086	1059589	504	195	666	0.083527	2025-02-21 09:27:34.361825
22928	T22928C	S	F456L	JN.1.16,KS.1,XDV.1,JN.1.11.1,JN.1.4.9,NS.3,KR.3,JN.1.48.3,LR.1,LR.3,JN.1.7.9,XDR.1.1,XDK.5,JN.1.18.4,JN.1.15.1,LF.6,LM.1,JN.1.18.5,JN.1.48.1,XDK.6,KR.5,LQ.1,LZ.2,KU.2,JN.1.67.1,LE.1.3.1,JN.1.39.1,JN.1.65.1,LF.8,LL.1,JN.1.55.1,JN.1.51.1,XDK.3,XDK.1.2,MD.3.1,KR.1,JN.1.29.1,JN.1.7.8,LN.1.1,KW.1.1,JN.1.1.8,JN.1.55.2,JN.1.50,XDK.4.1,LZ.1,JN.1.62,JN.1.1.6,XDD.3,MD.1	2025-01-05--2025-01-25	920916	0.962336	956959	794	255	1041	2025-01-26--2025-02-15	865055	0.974377	887803	502	195	666	0.012041	2025-02-21 09:27:34.361825
22986	C22986T	S	A475V	LF.7.2.1,LF.7.1.2,LP.8.1.9,KP.2.3.1,NY.5,NY.6,LP.8.2.1,LP.10.1	2025-01-05--2025-01-25	12015	0.012146	989183	140	3	1041	2025-01-26--2025-02-15	31629	0.033808	935541	131	8	666	0.021662	2025-02-21 09:27:34.361825
23039	C23039G	S	Q493E	XEQ,KP.3,XDY,XEF,JN.1.16.4,KP.3.4,JN.1.16.5,XET,LP.8	2025-01-05--2025-01-25	1596917	0.811262	1968435	770	253	1041	2025-01-26--2025-02-15	1037011	0.797832	1299786	485	200	666	0.013430	2025-02-21 09:27:34.361825
23277	C23277T	S	T572I	MC.1,XEC.4,JN.1.7,JN.1.4.3,KP.2.9,LZ.3,MC.30.1.1,KP.2.3.6,NB.1.3.1,LP.4,KP.2.15.1,XDK,KV.2,JN.1.1.1,JN.1.47.2,MH.1,MU.1,KP.5,KP.1.2,XFB,KP.2.2.2,MC.26.1,XDY.5.1,XDV.1.3,MC.13.4,KP.2.3.8,MC.8.1,MG.1,LD.1,JN.1.65,KW.1,KP.2.27,JN.1.16.3,JN.1.62,XDY.1.1,XDD.3,JN.1.32,LB.1.2.2,JN.1.9.1	2025-01-05--2025-01-25	2492965	0.086191	28923736	634	240	1041	2025-01-26--2025-02-15	4887387	0.069227	70599426	571	198	666	0.016964	2025-02-21 09:27:34.361825
23856	G23856T	S	R765L	NY.3	2025-01-05--2025-01-25	129566	0.002578	50262420	565	9	1041	2025-01-26--2025-02-15	589152	0.020770	28365238	237	14	666	0.018192	2025-02-21 09:27:34.361825
24819	A24819G	S	K1086R	KP.1.1,KP.1	2025-01-05--2025-01-25	5205367	0.125892	41347852	687	201	1041	2025-01-26--2025-02-15	2914274	0.185407	15718214	439	166	666	0.059515	2025-02-21 09:27:34.361825
24872	G24872T	S	V1104L	XEQ,LB.1.1,JN.1.11,XDY,XEF	2025-01-05--2025-01-25	37004958	0.853481	43357706	848	629	1041	2025-01-26--2025-02-15	13970807	0.854967	16340763	516	437	666	0.001486	2025-02-21 09:27:34.361825
25925	C25925T	ORF3a	P178L	LP.8.1,LP.8.2.1,LP.11	2025-01-05--2025-01-25	231512	0.169564	1365335	415	65	1041	2025-01-26--2025-02-15	367708	0.216531	1698176	349	96	666	0.046967	2025-02-21 09:27:34.361825
27476	C27476T	ORF7a	T28I	LB.1.3.1,JN.1.8.1,JN.1.8	2025-01-05--2025-01-25	1324260	0.040098	33025518	637	98	1041	2025-01-26--2025-02-15	776382	0.035048	22151861	468	67	666	0.005050	2025-02-21 09:27:34.361825
27810	T27810C	ORF7b	F19L	JN.1	2025-01-05--2025-01-25	31387879	0.727918	43120057	946	739	1041	2025-01-26--2025-02-15	22269990	0.768674	28971960	587	511	666	0.040756	2025-02-21 09:27:34.361825
28883	G28883C	N	G204P	KP.3.3,XEP	2025-01-05--2025-01-25	9551939	0.457663	20871102	941	666	1041	2025-01-26--2025-02-15	6707013	0.451585	14852157	553	463	666	0.006078	2025-02-21 09:27:34.361825
28884	G28884C	N	G204P	KP.3.3,XEP	2025-01-05--2025-01-25	9551939	0.477790	19991901	941	666	1041	2025-01-26--2025-02-15	6707013	0.452367	14826487	553	463	666	0.025423	2025-02-21 09:27:34.361825
28892	C28892A	N	P207T		2025-01-05--2025-01-25	14211	0.000713	19918446	834	0	1041	2025-01-26--2025-02-15	1104728	0.071036	15551639	559	294	666	0.070323	2025-02-21 09:27:34.361825
29409	C29409T	N	T379I	LB.1.3.1,NS.3,XDS,NT.1,XEC.2.3,MC.10.1.3	2025-01-05--2025-01-25	7918379	0.029145	271688711	795	129	1041	2025-01-26--2025-02-15	3649791	0.023350	156309639	557	106	666	0.005795	2025-02-21 09:27:34.361825
